{
  "threshold": 0.81,
  "drop_tolerance": 0.08,
  "start_index": 0,
  "max_samples": 100,
  "kept_samples": 100,
  "chunk_size": 20,
  "gate_samples": 40,
  "gate_chunk_count": 2,
  "data_path": "/mnt/c/Users/87569/Documents/multi-agent-CoNLL03/datasets/conll2003/conll2003_test.0_99.jsonl",
  "results": [
    {
      "config": "/mnt/c/Users/87569/Documents/multi-agent-CoNLL03/configs/runtime.deepseek.all_agents.yaml",
      "status": "selected",
      "first_two_avg_f1": 0.8229665071770336,
      "full100_f1": 0.8577981651376148,
      "chunk_metrics": {
        "chunk01": {
          "micro": {
            "precision": 0.8,
            "recall": 0.6829268292682927,
            "f1": 0.736842105263158,
            "tp": 28,
            "fp": 7,
            "fn": 13
          },
          "macro": {
            "f1": 0.6593137254901962
          },
          "per_type": {
            "PER": {
              "precision": 0.9,
              "recall": 0.75,
              "f1": 0.8181818181818182,
              "tp": 9,
              "fp": 1,
              "fn": 3
            },
            "ORG": {
              "precision": 0.3333333333333333,
              "recall": 1.0,
              "f1": 0.5,
              "tp": 1,
              "fp": 2,
              "fn": 0
            },
            "LOC": {
              "precision": 0.8235294117647058,
              "recall": 0.875,
              "f1": 0.8484848484848485,
              "tp": 14,
              "fp": 3,
              "fn": 2
            },
            "MISC": {
              "precision": 0.8,
              "recall": 0.3333333333333333,
              "f1": 0.47058823529411764,
              "tp": 4,
              "fp": 1,
              "fn": 8
            }
          },
          "errors": {
            "type_mismatch": 2,
            "boundary_mismatch": 5,
            "spurious": 0,
            "missing": 6
          }
        },
        "chunk02": {
          "micro": {
            "precision": 0.9016393442622951,
            "recall": 0.9166666666666666,
            "f1": 0.9090909090909091,
            "tp": 55,
            "fp": 6,
            "fn": 5
          },
          "macro": {
            "f1": 0.6296992481203008
          },
          "per_type": {
            "PER": {
              "precision": 0.9714285714285714,
              "recall": 0.9714285714285714,
              "f1": 0.9714285714285714,
              "tp": 34,
              "fp": 1,
              "fn": 1
            },
            "ORG": {
              "precision": 0.0,
              "recall": 0.0,
              "f1": 0.0,
              "tp": 0,
              "fp": 2,
              "fn": 1
            },
            "LOC": {
              "precision": 1.0,
              "recall": 0.9,
              "f1": 0.9473684210526316,
              "tp": 18,
              "fp": 0,
              "fn": 2
            },
            "MISC": {
              "precision": 0.5,
              "recall": 0.75,
              "f1": 0.6,
              "tp": 3,
              "fp": 3,
              "fn": 1
            }
          },
          "errors": {
            "type_mismatch": 1,
            "boundary_mismatch": 2,
            "spurious": 3,
            "missing": 1
          }
        },
        "chunk03": {
          "micro": {
            "precision": 0.9180327868852459,
            "recall": 0.9333333333333333,
            "f1": 0.9256198347107439,
            "tp": 56,
            "fp": 5,
            "fn": 4
          },
          "macro": {
            "f1": 0.5735221674876847
          },
          "per_type": {
            "PER": {
              "precision": 0.9545454545454546,
              "recall": 0.9767441860465116,
              "f1": 0.9655172413793104,
              "tp": 42,
              "fp": 2,
              "fn": 1
            },
            "ORG": {
              "precision": 0.0,
              "recall": 0.0,
              "f1": 0.0,
              "tp": 0,
              "fp": 1,
              "fn": 0
            },
            "LOC": {
              "precision": 0.9285714285714286,
              "recall": 0.9285714285714286,
              "f1": 0.9285714285714286,
              "tp": 13,
              "fp": 1,
              "fn": 1
            },
            "MISC": {
              "precision": 0.5,
              "recall": 0.3333333333333333,
              "f1": 0.4,
              "tp": 1,
              "fp": 1,
              "fn": 2
            }
          },
          "errors": {
            "type_mismatch": 2,
            "boundary_mismatch": 3,
            "spurious": 0,
            "missing": 1
          }
        },
        "chunk04": {
          "micro": {
            "precision": 0.9393939393939394,
            "recall": 0.8857142857142857,
            "f1": 0.9117647058823529,
            "tp": 31,
            "fp": 2,
            "fn": 4
          },
          "macro": {
            "f1": 0.5955882352941176
          },
          "per_type": {
            "PER": {
              "precision": 1.0,
              "recall": 1.0,
              "f1": 1.0,
              "tp": 15,
              "fp": 0,
              "fn": 0
            },
            "ORG": {
              "precision": 0.0,
              "recall": 0.0,
              "f1": 0.0,
              "tp": 0,
              "fp": 0,
              "fn": 0
            },
            "LOC": {
              "precision": 0.9375,
              "recall": 0.8333333333333334,
              "f1": 0.8823529411764706,
              "tp": 15,
              "fp": 1,
              "fn": 3
            },
            "MISC": {
              "precision": 0.5,
              "recall": 0.5,
              "f1": 0.5,
              "tp": 1,
              "fp": 1,
              "fn": 1
            }
          },
          "errors": {
            "type_mismatch": 0,
            "boundary_mismatch": 2,
            "spurious": 0,
            "missing": 2
          }
        },
        "chunk05": {
          "micro": {
            "precision": 0.5862068965517241,
            "recall": 0.8095238095238095,
            "f1": 0.68,
            "tp": 17,
            "fp": 12,
            "fn": 4
          },
          "macro": {
            "f1": 0.4457070707070707
          },
          "per_type": {
            "PER": {
              "precision": 0.8,
              "recall": 0.6666666666666666,
              "f1": 0.7272727272727272,
              "tp": 4,
              "fp": 1,
              "fn": 2
            },
            "ORG": {
              "precision": 0.0,
              "recall": 0.0,
              "f1": 0.0,
              "tp": 0,
              "fp": 0,
              "fn": 0
            },
            "LOC": {
              "precision": 0.9230769230769231,
              "recall": 0.8571428571428571,
              "f1": 0.888888888888889,
              "tp": 12,
              "fp": 1,
              "fn": 2
            },
            "MISC": {
              "precision": 0.09090909090909091,
              "recall": 1.0,
              "f1": 0.16666666666666669,
              "tp": 1,
              "fp": 10,
              "fn": 0
            }
          },
          "errors": {
            "type_mismatch": 1,
            "boundary_mismatch": 3,
            "spurious": 8,
            "missing": 0
          }
        }
      },
      "full_metrics": {
        "micro": {
          "precision": 0.8538812785388128,
          "recall": 0.8617511520737328,
          "f1": 0.8577981651376148,
          "tp": 187,
          "fp": 32,
          "fn": 30
        },
        "macro": {
          "f1": 0.6280303030303029
        },
        "per_type": {
          "PER": {
            "precision": 0.9541284403669725,
            "recall": 0.9369369369369369,
            "f1": 0.9454545454545454,
            "tp": 104,
            "fp": 5,
            "fn": 7
          },
          "ORG": {
            "precision": 0.16666666666666666,
            "recall": 0.5,
            "f1": 0.25,